username,address
dummy01,0xb4124cEB3451635DAcedd11767f004d8a28c6eE7
dummy02,0x7b6C819e9db25c302A9adD821361bB95524023D7
blockduane,0x6d609ee3e7ea328d0c52d046a68a47292fce1b56
carlslarson,0x95D9bED31423eb7d5B68511E0352Eae39a3CDD20
trent_vanepps,0x8dC810c8672Aa80f1D9799A2d1857D1F8194948E
burrrata,0x92AF58812AEAf1905e223c1ee7C744e0f5ce2EFd
,
,
,
,
,
,
,
,
,
,
,
,
,
,
,
,
,
,
,
,
,
,
,
,
,
,
,
,
,
,
,
,
,
,
,
,
,
,
,
,
,
,
,
,
,
,
,
,
,
,
,
,
,
,
,
,
,
,
,
,
,
,
,
,
,
,
,
,
,
,
,
,
,
,
,
,
,
,
,
,
,
,
,
,
,
,
,
,
,
,
,
,
,
,
,
,
,
,
,
,
,
,
,
,
,
,
,
,
,
,
,
,
,
,
,
,
,
,
,
,
,
,
,
,
,
,
,
,
,
,
,
,
,
,
,
,
,
,
,
,
,
,
,
,
,
,
,
,
,
,
,
,
,
,
,
,
,
,
,
,
,
,
,
,
,
,
,
,
,
,
,
,
,
,
,
,
,
,
,
,
,
,
,
,
,
,
,
,
,
,
,
,
,
,
,
,
,
,
,
,
,
,
,
,
,
,
,
,
,
,
,
,
,
,
,
,
,
,
,
,
,
,
,
,
,
,
,
,
,
,
,
,
,
,
,
,
,
,
,
,
,
,
,
,
,
,
,
,
,
,
,
,
,
,
,
,
,
,
,
,
,
,
,
,
,
,
,
,
,
,
,
,
,
,
,
,
,
,
,
,
,
,
,
,
,
,
,
,
,
,
,
,
,
,
,
,
,
,
,
,
,
,
,
,
,
,
,
,
,
,
,
,
,
,
,
,
,
,
,
,
,
,
,
,
,
,
,
,
,
,
,
,
,
,
,
,
,
,
,
,
,
,
,
,
,
,
,
,
,
,
,
,
,
,
,
,
,
,
,
,
,
,
,
,
,
,
,
,
,
,
,
,
,
,
,
,
,
,
,
,
,
,
,
,
,
,
,
,
,
,
,
,
,
,
,
,
,
,
,
,
,
,
,
,
,
,
,
,
,
,
,
,
,
,
,
,
,
,
,
,
,
,
,
,
,
,
,
,
,
,
,
,
,
,
,
,
,
,
,
,
,
,
,
,
,
,
,
,
,
,
,
,
,
,
,
,
,
,
,
,
,
,
,
,
,
,
,
,
,
,
,
,
,
,
,
,
,
,
,
,
,
,
,
,
,
,
,
,
,
,
,
,
,
,
,
,
,
,
,
,
,
,
,
,
,
,
,
,
,
,
,
Berlout,0xfba0cfcd237374f75cdb07aad343b1d495c38d4a
kbessayli,0xC257e9beBaFDF8E26096e1441461cBA27Ca4ee84
Temp0ralis,0x0120639fB903039CA834F44Bd6336FbCeDD4183D
myownman,0x38A82425dD6448d2D5Cb1e813Eb976a5eA8945bC
treetwig,0xBF486FB1a8c4659BA9e90dcf69b1FB6cB3378E06
youreadaisyifyoudo,0x20d8c66F12F5eAEa15A183e9351F4096F08C56e5
Mostofyouareidiots,0x37654aFB6C5997292F85945949eb42F47215Dc9b
falsesleep,0xbA42AA3b7aBD46Aa7c4524CFa7d17BeBa4fecFCF
BGoodej,0x667F9592117C7bD354166C6DdD2507D83d5Af055
KillerDr3w,0xc76d3e51189fe33d74053cb03da5f6059d26291e
BeerBellyFatAss,0xc30E8f72a8205FCF79C40172A034cfCfcEdd9B50
ProtegeAA,0x954bC03B086942F9c7595b60A9C11033d141da33
IDCrypto,0x77890aDa0F2e2Ae297dE9CF52033dC822E991e40
CrazyCriple,0xf34a18ae5c7dc94292266a852eb72efa7c179b78
pulsusego,0x8fB7dDB5995369b8b1adaBe94e048E9E7EC25802
alexiglesias007,0x0642f69c4C4a12310A081C8267e96523953c688d
slacknation,0x030e01eecdfdd0cc39fac659734ea455d486c6d1
youssefkiev,0x238ec980f73a039420551bd4556afdf92736cb26
daniel-sousa-me,0x1227eA9856563907AcF405f851e109B9566B10eC
malformata,0xe87f1f7fb3e75e42dc262087f2f65085373669b1
xbiitx,0x81057dc87c05092243c0132402f73417c64e37bb
drosophila_guy,0x43FA8d95777488ca3D63Fb773fdbCCd5FDffC3d3
iPwnJ00,0x9f5B1f5837635C2F2347f2036cB86d4eF0F090F1
itsANameToo,0xfe15Eb65042691Da440718455ac42957E266e5c4
The_Regend,0xc81535d1ee22350929E4a7ae1F4d20e9Ea81d76F
Gav0,0xe9FBDbcf36E3c1C7438B70f4B25aBb43b6f499BA
anarc,0x558a82c3881154C4fdD7DD932F5F98eCb85d0317
r_bachman,0xF9D5c9A7200E1Ac4A0fD41b2a3d28FF5cf3F2284
DitiPenguin,0xF7662d30957Cdd805422b47D009b6682860fC8d1
hdak2323,0xBEe4cEa473697578Cc5D7BEd1265320ba4f497bd
twigwam,0x18861Ce51DdEBcccFc3e1aF9789E5505923d7645
IRefuseToGiveAName,0x601b74BA9b364886e15eD605803c3F0d3Fb93F1e
kilmarta,0xD97EA0796D2B860f992788F4d7Db80f89bb40e8c
brassboy,0x6543db6eeAaFf057eC27f954D895234787c30D93
BuddhaSpader,0x6c0E10099F9ffF9A84077242397a33BcF2aB0504
hawke34,0x2266b51829462081c50d29d11c718bef08db8f6f
podrock,0x9408187E732fcCF248EfB902C1f10d77831e0A87
Alarinth,0xe11F90a53F049bf67865EFE69315f8b1046ED00c
Sacrosacnt,0x1623C2D90BED7Cc8DB87a2806713D565c29D4e65
lhanfan,0xf1b605b9Eb1f0a56B38a69b46c83E60f3EfEd8A1
towjamb,0xed2fBD742b83130f0281d6E3C14b2FFB2b060291
mrcarner,0x9FB87596354e9B2d2E3a543201E3043eE4C66D32
dragonyr,0x5F5056A3899D32b7741DEA4231C347458dbFe923
MIGHT_BE_TROLLIN,0x951C687934a9Cf89c0cC14FB84C4Ac5DBAFfA9b7
phatalerror,0x8e0ee6312e67146ee72063e05307cbe39ee6c506
pinastri,0xf9a2c40E7eC3C8f4f7610e36d5b2340cA6AC71AA
yosh579,0x6F1EE3e11fd4152393645c105E6426B21746d0d3
enesimo,0xdc4b4588FC923336a65DbcB1dd576804C772E5d7
IIIlllIIlIIllI,0xb528119960Ee27B161FF4859Fa8A2bce4E6B4346
Homie_Domie,0xB7CB9463254cd2B0B0E3efDC0Bc25F879fDFA147
trezman,0x005b8F97932596a698Eb058Ca269E513e61DCe9B
IssGonRain,0x466D1c8b892c96bAc12E8BE7434fb588f29eDa8B
Ethereums_AI,0x7c01f87Bd578C8853e541a7e2c982910FB60928F
BitEther,0x4444412B1e47DA53065D015931ba4f54b212A55c
cryptovestor,0x00A32ad2C6d4d5ce0B978e4E0e955e02aBbb70ca
Arbitrage84,0x9EA4C1eB5f68551B411f686055E1A85D97160f37
commonreallynow,0x777ed93108C7a2B5AAB4a4EC117ff6C7d868dEbE
Iruwen,0x1c50b0E9e9B8D40AB1d642dAc774f890113FC172
Falsen,0x4811dC2e93f3a7e81fB6402342eA8d417868984D
apfeldirektsaft,0x5ec761aD96d21990c2c86a4841443af01B152f51
MrKup,0x30520D0A68D315BB819684885b1739E85a2D6ebD
Barrelz0rz,0x6122a6A39a6C3f2BCd96B929Fc2066204FDb125a
teeyoovee,0x57f228D82Bef2D30D9c552d26cD78AF8441a0c96
prais3thesun,0x44b7a8f62cFeED176bDC221F4268Ec030f72EDD3
mustturd,0x0D44d39c9D2EfbB612E474CDC9686C98df30a0a6
emsimot,0xA5bBD37e8fB71E504CC65119e19BdeC57c0cc28d
pask7,0x4DF8583919Cc8cbA9cd4467cd0D76f7eeb68F78a
Jimmyl101,0xEf7059683fe7d85efcf671c5A0066Bc91b586a4D
fembot__,0xc0Fe9e17Fc5739E5aE60E8fD04205103e3689155
ethguy,0x006e208FCB5b03412087388f8826DAe2691c8a96
DishwashingUnit,0x9Ae8C8FB55BBda8D60f0B036D181675392221BcD
Gr8onbekende,0xC49814Aa6f67B649B8C4d89C5611255016177F76
ChaceHunter,0x20e084e3A487fCFe7D185A3780bE248678391dC6
Onestone,0x0043CB7d79deC0dfCF157127937DBf6CaCDc3759
runny-eggs,0xA141dF00b9B7c01101200E468Dad38de35f0EefA
Ignis000,0x1a938e6c500a7d0575c135284723220336ce69c4
physikal,0xE06976F75260465ee7224e4937150e109cBc1321
Larryiam,0xc27657a4972cBB54e783ffc36347e0c27885B3AC
speedtouch,0xC0F920645442a1DeDc252a47bB7dE663d16a65C6
teethkicker,0xAb5C9b7b4dEE60d11D45010B6cB0783579C06FcC
ajolsson,0xb3E30dEa4952551D57cBBd64ab850965179Ad2d5
Ieperen,0x2d2A3e6434d6380483C155474450eC0b08263508
Visi89,0x0328842b9e2556d51bd30a0c9fdc6a0a61c6ecf1
feroun_,0xf814f9F29A15bC94578F64335caC51a3ea12D3c3
Phildos,0xef2bebd1059446f3fc83203c24364e65bd42d103
AzzX,0x9562f9307B8E4fbEf516a1992F480009d4Ed2220
OttoYokohama,0x471283879C137e7664680e29923C9F047AfF278c
GregFoley,0x18B54d66A9067bc71ab3c514c5c95F4E76Baa2d5
Fargusson,0xD37484Ec2DedE6C85709c048eEf9a392C7D06600
ExWei,0x29A8e7F69A238cb3f840072617427E244D47C24a
peakaboothirtytwo,0x3D9D67E45989e0EDA022FaadECee9dd5c6D2e93F
eze111,0x5FbaBa58aC0Be6b41d7b59d1B135Ce200A35A4A0
ausgear1,0x4c079bb557C9eBE21550cad54E4322aE2bE9ae8D
mcgravier,0xb90344ECa45eBa179A042B16ADF4Fe4EC8A0B356
Ntdark,0xFde3D2362C607E80F3a34ecaEC4D5Fe6a05D8cc8
akira_fmx,0x61Ff5049A91f08A145e9f7087A09B86Ab15321b7
mdave1,0xBc66FebB47726a5299e19C869311BEf026e8eEa1
j1mmyfever,0xE3815F67750452eA486650Ee5ebf179f9B363C7C
tsmoreau,0x6fdfE41bB55AC2Da30Bee83CF84A38074176D477
jassjulius,0x9255Cc3b2aF2732aB272E6942D6392Aa431d39b0
morrius,0xf463f07e370aaa1c14529c2d7ad10dba90ea23b4
DerScreever,0xCE07678b46E7568274AC1f60091bd27c1A94d15F
Fishiac,0x0D174f69071434886bb4ee4F2284903CA2278867
SelaronX,0x0a4c83BAF48550E4C7a4437E08c9c0c399b868a6
refex91,0xeE155d2f62D3aA69e25dB514b0A0fEC9b7d32a79
rigario,0x008FdC5fdB74E894288ceB25C91150bD019557E8
elmariac,0x5653f3073f2E0A9204A72dc8D368Bd64520b717D
career_donkey,0xeF4F3dbf769F9896e87CAeBd71a77226B49fF1c9
uz_darhon,0xb800d0dC79C200aD25ad2DE8003f8e26fa47d4D1
cryptoballer,0x003B193127c22Ea3e1c84C49b3fA46D12C873aC9
cronian,0x90aa025e8b707af96486344d3f2ed93d6b909603
jtkvk,0x290045ea88ea184c57129530e4e13dee97bc2021
d4rkshad0w,0x68174CDB10e9027FA070A3fb1a8281c48dcb34e5
kootness,0x512baE17a70bbDaCD3F55913eff789F5383e90F6
Zuzzuc,0x6aD5089703aC058EdFB3978CFEB77451437f8E6b
theGoodBadandFugly,0xf110B1E97f14Dc1aBfD72BB2026EDabd1CE32d8d
demonicsmileyface,0x319628C3A0C11C301731eE51FBb5Ad3fccE4378B
pa7is,0x461871a9ABe747308EbBa96cd8682A33D42c095a
britm0b,0x30b14F400D795AE5C9078eDaf86F40BEd6edE4D2
Stiritup15,0x1ED9B4dD61F0Dddf17E2489704499Df43f82aBff
RyanRyanRyanRyanRyan,0x7CA4Ca9eD5aEb3517040794e706c361c6eB61883
TheGreatAttacks,0x8C401333C0a9ee432278fE401e6a47ff790542ea
plarrrt77,0x50a89d1705b838d27C8b81D29C281F058070b08B
TerpWork,0x427c2229d0f6c0b7D58E04200FbdD8d310C9d777
proggi1g,0x0F40fDEB9687ce4Cb595F8ae37A33303C03389D3
bab4m,0x0C3FfB5a8CA67C270149B2D47830962bf7092Cda
imnotclever2,0x67C932B28bB5D9d8759750a1DD5B264A5A5F7325
metaln0mad,0x743895bBF06f8fbB77EE902AEBe7bc8331366DeF
a_magic_wizard,0xe7c6d29970dce7d0f95907f99ed9be2725d123e0
Almonds,0x28c02E82DF99bf0B7344473570FC6bB815dCE106
SilverCookies,0xBe14adD47c982FD2Ef7f6Db52505BFA04B6A0B98
weirdgod,0x00a888a4cAc1a5a82029bff090AadDB98407303A
radage,0xD53A368690cf977ee022Ffc6D4fDB7664256cd27
Wooomp,0x4FF9A2Aa2F6aB43661F942231dAEE3a7eCA1b93f
GenericVodka13,0x28EfC5063E455085E93160529cC6e86FC655f04c
kevg77,0xe08c5c6d17be3ab837b421723e9215bb9902c9f1
aviman123,0x152474eb821fB45bd2389345446dB295b7e8f493
SniperJF,0xfe41580E0452870E9205E9c08D70Cc97fe2FddDC
robot_master_race,0xD6846f420a7E954FecC9D835b02e71b8De7B33ca
zrivu,0xf661bb8874CBeee28573AaE232DaA85EFd0310aA
asifinperson,0x382Edf90cEBd31ae2481b95675fbB25081F83b62
fauzool,0x2cCd65C9E77149C8D59f977F457A1b7966879436
Vagus-Stranger,0xa8C00aC92CEe610542Ff4D65d6De5ff319e179BB
BBtrader,0xEd481BaaCBc6A724FedD876d1b0B0B029b18b641
ToAlphaCentauriGuy,0x940793a30d819301eaac360529a073f4136551ee
southeast90,0x88342A4793CbCD73888ff4577E9E78Cd17c9b722
GreenBeacon,0xDC9F2C10404DD83fAA71F80C2833D69016236c17
ercpck,0x893088c143e837bf16755ffb9717db314468a5b6
scott_lew_is,0x00b5F428905DEA1a67940093fFeaCeee58cA91Ae
phauxtoe,0x62Eca0FB900A26695dD6c0A4fE719987307d4eAE
CatCattack,0xc49413138c3e6a979dbb13666bc0172246f4c803
steviefyre,0x1037e7fCd3b1d7d144F8235Fc6906E753aa3Ce57
rzrkyb,0x43F50AA31Af2f59893857DE411db6147011cC7cC
Borega,0xC0D3142aF747e2d8C568866C62bE678F29421568
AgentSuperchillen,0x02EAeC295A904656a334016165Bc885B9C72e864
Farratn,0xB0c202df8d01C438303A084C96F17762C20C1F77
Juceer,0x3FcBA74D33201BB3d5213d047b0fAF9460acB85F
justdriftinaround,0x0190cbcfceba2a520cca97c471372eac20681e36
kyptoknight,0x00986de0c9b60e79932E11e233D6f03286C1ce93
realfake808,0xb15cc701dB182fe47CfAE5A95EEd4ca1063CC459
chauncemaster,0x1FBC877C0dEb4Eee6fd7Aa1580712Bd839426351
PINKPINGPONGBALL,0x7bF5f99d95706EBA4Bb5D35828922619dAb4B68D
Bexbox8,0x22fc4336c5bc6540329676d9b1ced39a94804e63
Philosophengineer,0xeb3acE4227820eC3E6B44461cFD9f103e01DC510
oxygenoxy,0x0C7683C2599Fb2d33353254a1b267BD811F203A1
gibzeez,0x8D6A882830a3ADFc2499ACA04a9789676577c6F5
Semiel,0x8Ad68e2C67B88DEd4B1565D8b9288B665261338d
paleovanguard,0x906999B54C8fb6d6BeCf118b094c9C43e7BD1E46
Barbirato,0x005a46c9c9d2A5246205a4A1Bb4940907CDd125E
TheHealthyCat,0xFAb70d48021e72c449A6111Fc4F40A004a0E52cc
seblt,0x4aF973f9c9A8404F43980362ed0096Ff521845Ef
fastlifeblack,0x50cE537ddd25763d7c914262C1794F6bD900c902
Dark_Ghost,0x8ab0fe3d61e372a0caa2b2acf6d1ffdefd1c645a
sir_fancypants,0x4681b4A6E40bCA139F008Fb3fCDFa7Bfa4BB5b57
SweetSweetInternet,0x665c587798844d0604c922fdf740dd85f8a12de0
3thaddict,0x98F107b73d45C3387B7961259B2c49E2Ca4a0982
yetami,0xb0b88421D53458f928E91f40374000744822D9D6
jscinoz,0x36034Cba5413c0678b8256aCd0a87Af4E9D0873A
mia109,0xbaD7207A9B88bD824D35638Ad547715224BeB3c1
chid3x,0xE13C6dC69B7ff1A7BA08A9dC2DD2Ac219A34133E
SwaroopHegde,0x7b07F01602b6411bdAeE69251F0cE27484cC4d41
Ethorse,0x9786C7774EF670B3FcAA2b4A39a386F4D7fC7Bf4
crusnik37,0xCb886add661f26cccCEC9A29f3F0EAb9bA727DF4
brunitob,0x7ff8b020C2eCD40613063Ae1D2ee6A2A383793fA
ilcato,0x5d2e54d122D40094C55445e86debd1E2aA4D24ca
r2d2123,0xB63f6192bB05A7D2936479B534531E34d1E0081D
BoominBuddha,0xAB15076043584c67687B3674c15DbccCaAB69eFF