username,contributor_type,points
u/dummy01,no_reason,98765
u/dummy02,no_reason,54321
u/carlslarson,moderator,14545
u/heliumcraft,moderator,14545
u/_CapR_,moderator,14545
u/nbr1bonehead,moderator,14545
u/Mr_Yukon_C,moderator,14545
u/jtnichol,moderator,14545
u/aminok,moderator,14545
u/dont_forget_canada,moderator,14545
u/AdamSC1,moderator,14545
u/EthTraderMod,moderator,14545
u/modlogs,moderator,14545
u/burkinasankara,link_contributor,331
u/MrNebbiolo,link_contributor,1103
u/Mr_Yukon_C,link_contributor,3053
u/pacific_Oc3an,link_contributor,257
u/crypt0sparta,link_contributor,36
u/brantlymillegan,link_contributor,294
u/oldskool47,link_contributor,1287
u/econoar,link_contributor,147
u/RexetBlell,link_contributor,220
u/DDDNN,link_contributor,846
u/Rickwardd,link_contributor,73
u/confy0665,link_contributor,993
u/CintasTheRoxtar,link_contributor,257
u/nugget_alex,link_contributor,367
u/catfoodlover,link_contributor,2464
u/WallyBear,link_contributor,183
u/Davejoy117,link_contributor,2795
u/I_Dont_Type,link_contributor,183
u/hereigoagain12222,link_contributor,183
u/neilm86,link_contributor,257
u/asstoken,link_contributor,4745
u/ClimbingCucumber,link_contributor,367
u/eth_news,link_contributor,73
u/Crypto_guide,link_contributor,1250
u/Marswhalbaconattor,link_contributor,183
u/SofiaNorton01,link_contributor,1066
u/Vodetech,link_contributor,15487
u/ShaneMkt,link_contributor,625
u/jtnichol,link_contributor,17952
u/andreybondar,link_contributor,110
u/KGunzz,link_contributor,36
u/devila2208,link_contributor,772
u/diggsta,link_contributor,11845
u/Bitcoin1776,link_contributor,1545
u/cryptonovex,link_contributor,147
u/ConsenSys_Socialite,link_contributor,515
u/blrm,link_contributor,551
u/joselfgaray,link_contributor,183
u/likeitsmyjobs,link_contributor,331
u/khalo_,link_contributor,20122
u/DboVilakati,link_contributor,110
u/moon_airspace,link_contributor,3274
u/carlslarson,link_contributor,846
u/aminok,link_contributor,698
u/OneBlockAwayICO,link_contributor,147
u/Bitsaa,link_contributor,14126
u/EthFan,link_contributor,662
u/Franco92S,link_contributor,9932
u/originprotocol,link_contributor,220
u/beforeiletyouin,link_contributor,1103
u/KotMyNetchup,link_contributor,2575
u/Archibald8043,link_contributor,147
u/twigwam,link_contributor,22624
u/DarkestChaos,link_contributor,36
u/DeviateFish_,link_contributor,73
u/hitmybidbitch,link_contributor,36
u/ibelite,link_contributor,110
u/Childsp,link_contributor,220
u/doopson,link_contributor,735
u/b0xTeam,link_contributor,110
u/BeerBellyFatAss,link_contributor,14163
u/lubbermore,link_contributor,404
u/__hipster,link_contributor,110
u/ToEthMooonGuy,link_contributor,36
u/rfikki,link_contributor,73
u/unsaltedhazelnuts,link_contributor,1177
u/SingularDTV,link_contributor,404
u/bitwise_ranger,link_contributor,1177
u/SMcKie,link_contributor,2427
u/smmblue,link_contributor,147
u/MrMagsnificant,link_contributor,551
u/skyward07,link_contributor,183
u/CraftyAsk,link_contributor,147
u/kinetic_jfig,link_contributor,3789
u/ThatOfficeMaxGuy,link_contributor,73
u/INTMMTSIR,link_contributor,36
u/crypto_theo,link_contributor,147
u/LoneTowerHustla,link_contributor,257
u/pys933,link_contributor,73
u/HolySachet,link_contributor,441
u/jamesmduffy,link_contributor,1250
u/Gh0sta,link_contributor,2611
u/Zukicha,link_contributor,3568
u/LootCoin,link_contributor,257
u/jayksofue,link_contributor,1213
u/blalah,link_contributor,2464
u/ro-_-b,link_contributor,183
u/notsogreedy,link_contributor,147
u/CBobRobison,link_contributor,147
u/Octavio_belise,link_contributor,73
u/sp_com,link_contributor,367
u/bah-lock-ay,link_contributor,6548
u/SuddenMind,link_contributor,73
u/ludylops,link_contributor,73
u/kirkisartist,link_contributor,183
u/ChazSchmidt,link_contributor,3531
u/winecover17,link_contributor,73
u/booyah2,link_contributor,919
u/kethfinex,link_contributor,257
u/Potential_Bison,link_contributor,36
u/Wolverined,link_contributor,12507
u/Alexand0x,link_contributor,183
u/elza_scarf,link_contributor,36
u/larry_fink,link_contributor,625
u/crypto_kaos,link_contributor,110
u/speedyarrow415,link_contributor,3053
u/potatoboypeanut,link_contributor,441
u/swirlybuns,link_contributor,110
u/dwindlingfiat,link_contributor,73
u/MustangV6Premium,link_contributor,3789
u/mikey4eth,link_contributor,1140
u/Rasmuss09,link_contributor,625
u/scottrepreneur,link_contributor,9675
u/GlitteringProblem,link_contributor,147
u/shakedog,link_contributor,5922
u/EvanVanNess,link_contributor,698
u/DCinvestor,self_contributor,8739
u/CrestaAmbra,self_contributor,30
u/AZA214,self_contributor,91
u/Joelholland,self_contributor,152
u/mariapaulafn,self_contributor,3453
u/SpacePirateM,self_contributor,244
u/Nullius_123,self_contributor,427
u/RandomActsOfAnus,self_contributor,488
u/Rockishi,self_contributor,550
u/ZombieNik3,self_contributor,122
u/Malakai560987,self_contributor,488
u/brentoshiro,self_contributor,1772
u/OracleOfEthereum,self_contributor,183
u/MasterUm,self_contributor,30
u/jtnichol,self_contributor,5958
u/ConsenSys_Socialite,self_contributor,947
u/slay_the_beast,self_contributor,1802
u/BC_investor,self_contributor,3025
u/brucifixions,self_contributor,30
u/AutoModerator,self_contributor,39633
u/IYIyTh,self_contributor,488
u/elpachon,self_contributor,152
u/Bumerang007,self_contributor,305
u/mat3_,self_contributor,30
u/twiddle_dee,self_contributor,30
u/krokodilmannchen,self_contributor,275
u/dicether,self_contributor,30
u/Lastwordsbyslick,self_contributor,550
u/deathntaxez,self_contributor,305
u/SMcKie,self_contributor,672
u/ProductDude,self_contributor,244
u/psswrd12345,self_contributor,61
u/Gh0sta,self_contributor,2230
u/teahigh19,self_contributor,30
u/HelloBucklebell,self_contributor,30
u/Ethical-trade,self_contributor,2627
u/StrangeCoinz,self_contributor,916
u/crypto_kaos,self_contributor,366
u/wmetcal2,self_contributor,213
u/fedoragamer18,self_contributor,61
u/cehhiro,self_contributor,61
u/kraken-evan,self_contributor,61
u/l3rian,self_contributor,1864
u/veritasBS,self_contributor,213
u/lechuck88,comment_contributor,148
u/ohnowhyreally,comment_contributor,444
u/lawlruschang,comment_contributor,481
u/GreenCardMe,comment_contributor,111
u/moorbles,comment_contributor,333
u/RootPhish,comment_contributor,444
u/Lambull,comment_contributor,148
u/Nategeier,comment_contributor,111
u/AllGoldEverything,comment_contributor,1702
u/Contraritor,comment_contributor,1924
u/Gaiseric13,comment_contributor,259
u/blewoutmyshorts,comment_contributor,222
u/GreenEyeFitBoy,comment_contributor,518
u/crypto_boi,comment_contributor,259
u/millerkm87,comment_contributor,555
u/alfresco09,comment_contributor,148
u/AThoughtPolice,comment_contributor,1924
u/Gandalfslittlebro,comment_contributor,333
u/blazarious,comment_contributor,74
u/PcChip,comment_contributor,296
u/arthropal,comment_contributor,703
u/MrNebbiolo,comment_contributor,185
u/I_Am_RadioHead,comment_contributor,13993
u/blueperrier,comment_contributor,555
u/stonedape1011,comment_contributor,1073
u/Moist_Polar_Bear,comment_contributor,259
u/bdcarlson1992,comment_contributor,37
u/HybridNoise,comment_contributor,222
u/mackstarmagic,comment_contributor,814
u/belgieurope,comment_contributor,74
u/WergleTheProud,comment_contributor,555
u/howaboutthemethers,comment_contributor,2665
u/Snowbattt,comment_contributor,74
u/jobonki,comment_contributor,407
u/localethereumMichael,comment_contributor,74
u/towjamb,comment_contributor,37
u/pocketwailord,comment_contributor,111
u/DCinvestor,comment_contributor,19101
u/nonoteverxyz,comment_contributor,37
u/Pkickel92,comment_contributor,740
u/xlog4n,comment_contributor,148
u/TheCryptosAndBloods,comment_contributor,1554
u/sl0wRoast,comment_contributor,37
u/teedeepee,comment_contributor,296
u/Mr_Yukon_C,comment_contributor,148
u/johnslane12,comment_contributor,1776
u/moonshots-droptops,comment_contributor,111
u/RKfan,comment_contributor,1443
u/tranceology3,comment_contributor,37
u/EthGasMoney,comment_contributor,592
u/rmhick2,comment_contributor,1776
u/KoreanJesusFTW,comment_contributor,444
u/granolaguy15,comment_contributor,74
u/jsur,comment_contributor,259
u/CryptoPusher,comment_contributor,37
u/vectortrader,comment_contributor,2591
u/pegcity,comment_contributor,4627
u/irondan8,comment_contributor,1517
u/whodunnit2019,comment_contributor,37
u/PumpNDumpHodler,comment_contributor,37
u/BeasleyTD,comment_contributor,370
u/MikeDinSD,comment_contributor,37
u/weekendmoney,comment_contributor,481
u/iread2little,comment_contributor,37
u/sneakpeekbot,comment_contributor,259
u/OttoYokohama,comment_contributor,740
u/mathfanEM,comment_contributor,37
u/MoMoNosquito,comment_contributor,851
u/StiffWaffle,comment_contributor,703
u/up_vote_guy,comment_contributor,37
u/aberforth125,comment_contributor,888
u/weedstocks,comment_contributor,2258
u/reppynoyal,comment_contributor,555
u/Shuttlefly,comment_contributor,1073
u/h-kissinger,comment_contributor,629
u/MysticRyuujin,comment_contributor,592
u/jmichalec_,comment_contributor,111
u/N0tMyRealAcct,comment_contributor,333
u/scottieboiy,comment_contributor,370
u/XxANAL_SEEPAGExX69,comment_contributor,37
u/EthLaw,comment_contributor,1369
u/kristofferjon,comment_contributor,592
u/JoeResidence,comment_contributor,703
u/Skiznilly,comment_contributor,74
u/AZA214,comment_contributor,629
u/nebra1,comment_contributor,222
u/niceassets89,comment_contributor,555
u/kittenssavedmylife,comment_contributor,259
u/Denjin-K,comment_contributor,148
u/ethereumfrenzy,comment_contributor,259
u/ColoradoAir,comment_contributor,407
u/tkmera,comment_contributor,148
u/GrilledCheezzy,comment_contributor,37
u/lahuan,comment_contributor,37
u/UndeadWolf222,comment_contributor,555
u/ec265,comment_contributor,3998
u/Karma_collection_bin,comment_contributor,74
u/I_shall_be_at_Aqaba,comment_contributor,148
u/Zonekidd402,comment_contributor,74
u/AntoniusBlockchain,comment_contributor,3183
u/oops_oliver,comment_contributor,148
u/kotra,comment_contributor,37
u/Rhader,comment_contributor,407
u/Carlos__Matos,comment_contributor,1110
u/fourohfournotfound,comment_contributor,481
u/OverlordQ,comment_contributor,74
u/ethiossaga,comment_contributor,37
u/ethstaking,comment_contributor,444
u/Calipe,comment_contributor,1443
u/alsomahler,comment_contributor,259
u/aribolab,comment_contributor,629
u/donutbet,comment_contributor,37
u/paleovanguard,comment_contributor,74
u/harrynyce,comment_contributor,74
u/mountingcarlos,comment_contributor,1147
u/fatfire_throaway97,comment_contributor,259
u/shewmai,comment_contributor,444
u/Joelholland,comment_contributor,481
u/2mizeen,comment_contributor,629
u/smokeone234566,comment_contributor,74
u/CryptoAnthony,comment_contributor,999
u/ethacct,comment_contributor,3442
u/fast11,comment_contributor,407
u/justfgz,comment_contributor,777
u/cavkie,comment_contributor,1702
u/WhaleStep,comment_contributor,407
u/lechuga2010,comment_contributor,111
u/nbdysbusiness,comment_contributor,222
u/10ke,comment_contributor,370
u/adamnmcc,comment_contributor,37
u/outerspacerace,comment_contributor,296
u/whiskey_pancakes,comment_contributor,74
u/Lord_Kikora,comment_contributor,37
u/scott_lew_is,comment_contributor,222
u/x_ETHeREAL_x,comment_contributor,74
u/GusHollands,comment_contributor,148
u/OM3N1R,comment_contributor,37
u/skyfox3,comment_contributor,37
u/NoWarmEmbrace,comment_contributor,888
u/Delpatori,comment_contributor,296
u/CommercialTouch9,comment_contributor,925
u/Sargos,comment_contributor,444
u/iFrostyy,comment_contributor,185
u/braden87,comment_contributor,592
u/Kantz4913,comment_contributor,148
u/mariapaulafn,comment_contributor,8773
u/workspam13,comment_contributor,222
u/ajmonkfish,comment_contributor,259
u/enrohT5,comment_contributor,37
u/Mattpalmq,comment_contributor,37
u/beerthemoose,comment_contributor,3590
u/oldskool47,comment_contributor,3294
u/thebestboner,comment_contributor,1406
u/mongoosefist,comment_contributor,37
u/TheTT,comment_contributor,1554
u/SorryBen,comment_contributor,37
u/haSG_,comment_contributor,37
u/greencycles,comment_contributor,1036
u/ShillBandit,comment_contributor,74
u/poorguy18,comment_contributor,37
u/TheEthtronaut,comment_contributor,185
u/mjkeating,comment_contributor,148
u/redditbsbsbs,comment_contributor,2221
u/crypt0troll,comment_contributor,74
u/jamanatron,comment_contributor,962
u/parasitemite,comment_contributor,148
u/dyel_lives_matter,comment_contributor,37
u/CommunityPoints,comment_contributor,1147
u/Steewrit,comment_contributor,111
u/ManyArtichoke,comment_contributor,370
u/hatedpeoplesinceday1,comment_contributor,37
u/econoar,comment_contributor,74
u/TravisWash,comment_contributor,148
u/belizeth,comment_contributor,4627
u/HODL-0x67fa2C06C9c6d,comment_contributor,148
u/Mister_M00N,comment_contributor,1221
u/SpeedyXeon,comment_contributor,74
u/SpacePirateM,comment_contributor,3516
u/SecularCryptoGuy,comment_contributor,185
u/JawnyUtah,comment_contributor,2258
u/powerfunk,comment_contributor,444
u/chief_erl,comment_contributor,148
u/HoldCtrlW,comment_contributor,74
u/JakovTheJakovasaur,comment_contributor,296
u/seolein,comment_contributor,148
u/ChristianPeel,comment_contributor,185
u/GRlP,comment_contributor,74
u/toxic_badgers,comment_contributor,666
u/cutsnek,comment_contributor,11697
u/zk-investor,comment_contributor,37
u/446166742050756e6b,comment_contributor,222
u/Nullius_123,comment_contributor,518
u/MongolUB,comment_contributor,222
u/Kuy4P1n0y,comment_contributor,518
u/peex,comment_contributor,296
u/niktemadur,comment_contributor,1147
u/Sal_T_Nuts,comment_contributor,333
u/TheRealScuttle,comment_contributor,148
u/Askk8,comment_contributor,185
u/GPDellaMirandola,comment_contributor,222
u/ETHumar,comment_contributor,74
u/Shelikescloth,comment_contributor,74
u/newloginattempt,comment_contributor,185
u/DDDNN,comment_contributor,2221
u/mattc5,comment_contributor,481
u/gentrify81,comment_contributor,4553
u/callofthenorth,comment_contributor,222
u/Satekroketje,comment_contributor,888
u/Im_Here_To_Fuck,comment_contributor,37
u/murbard,comment_contributor,296
u/lfc052505,comment_contributor,1221
u/CraptoTraitor,comment_contributor,37
u/Oldwisesage25920,comment_contributor,259
u/arthurfrenchy,comment_contributor,74
u/FoXtheMarketMaker,comment_contributor,74
u/didusaystake,comment_contributor,2776
u/thecolordarkroom,comment_contributor,111
u/terrific_terry,comment_contributor,74
u/capoony147,comment_contributor,37
u/re76,comment_contributor,37
u/marci003,comment_contributor,296
u/CryptoMemeAcct,comment_contributor,37
u/k1r0vv,comment_contributor,37
u/cryptroop,comment_contributor,259
u/girlamongstsharks,comment_contributor,851
u/glitch3d0ut,comment_contributor,1924
u/Lordsteven,comment_contributor,444
u/crypSauce,comment_contributor,111
u/jrkirby,comment_contributor,333
u/moon401k,comment_contributor,148
u/jm2342,comment_contributor,518
u/rmtboard,comment_contributor,74
u/demedici0,comment_contributor,740
u/MartinLee12,comment_contributor,74
u/WeileiY,comment_contributor,37
u/blakes456,comment_contributor,37
u/rhasce,comment_contributor,37
u/TehPopeOfDope,comment_contributor,999
u/dotslaxx,comment_contributor,222
u/grest_,comment_contributor,37
u/TulipMania2009,comment_contributor,259
u/adpman,comment_contributor,74
u/taa_dow,comment_contributor,74
u/Tazoid,comment_contributor,370
u/tretholl9,comment_contributor,111
u/adrian678,comment_contributor,222
u/MarshallBlathers,comment_contributor,296
u/cryptobaby2000,comment_contributor,74
u/gimmemorehopium,comment_contributor,629
u/specialsauce11,comment_contributor,1147
u/W34Z3L,comment_contributor,925
u/Majo-Madness,comment_contributor,185
u/Matinator_,comment_contributor,185
u/monchimer,comment_contributor,37
u/Decronym,comment_contributor,37
u/Heringsalat100,comment_contributor,777
u/first_token_is_free,comment_contributor,518
u/XxQuick,comment_contributor,148
u/CurrencyTycoon,comment_contributor,407
u/fuckermaster3000,comment_contributor,1554
u/braindeadretard69,comment_contributor,37
u/TinyTinasBitch,comment_contributor,37
u/Tricky_Troll,comment_contributor,333
u/n47h4nk,comment_contributor,111
u/eth0001,comment_contributor,185
u/tufool91,comment_contributor,37
u/iambabyjesus90,comment_contributor,629
u/John_Pratt,comment_contributor,1110
u/bat-chriscat,comment_contributor,888
u/JamesE8,comment_contributor,185
u/woodsbythelake,comment_contributor,37
u/Cryptore,comment_contributor,74
u/RainmanMcmillin,comment_contributor,296
u/TheHistoryDude92,comment_contributor,2258
u/Rockishi,comment_contributor,259
u/WeLiveInaBubble,comment_contributor,2184
u/Jimyxx,comment_contributor,15918
u/ChronicBurnout3,comment_contributor,37
u/ramxrp,comment_contributor,814
u/throwaway______5th,comment_contributor,74
u/OnetimeAugurUser,comment_contributor,296
u/jsmoke00,comment_contributor,3479
u/waytooamped,comment_contributor,407
u/VenueLab,comment_contributor,37
u/thojest,comment_contributor,148
u/imaducksfan,comment_contributor,148
u/Fade-Out-Lines,comment_contributor,111
u/spritemitlean,comment_contributor,814
u/Jg1989,comment_contributor,37
u/HEALTH-WARNING,comment_contributor,444
u/Ru9on,comment_contributor,370
u/lazylt,comment_contributor,1295
u/Blockchain_Buddy,comment_contributor,37
u/Ethmeplz,comment_contributor,333
u/cacophonousdrunkard,comment_contributor,148
u/suicidaleggroll,comment_contributor,296
u/OctopusCandyMan,comment_contributor,1961
u/Schrodingers_tombola,comment_contributor,740
u/cryptovestor,comment_contributor,111
u/-RustyShakleford,comment_contributor,148
u/shitConsSaid,comment_contributor,37
u/ZombieNik3,comment_contributor,7773
u/Davejoy117,comment_contributor,296
u/I_Dont_Type,comment_contributor,1776
u/tshong,comment_contributor,2665
u/insideYourGhost,comment_contributor,185
u/FuckFaceGG,comment_contributor,1480
u/Insureandgo,comment_contributor,296
u/sannpaulo,comment_contributor,333
u/mariouy1986,comment_contributor,185
u/daniel-sousa-me,comment_contributor,37
u/JustinU1X,comment_contributor,37
u/FalseDemand,comment_contributor,74
u/itsjimmyj,comment_contributor,37
u/Ferathal,comment_contributor,1702
u/aznar,comment_contributor,1221
u/dewabache,comment_contributor,148
u/FrozenPhilosopher,comment_contributor,1332
u/noerc,comment_contributor,37
u/Glasshouse813Ebay,comment_contributor,259
u/kenzi28,comment_contributor,629
u/HeSayYouBradeRunner,comment_contributor,333
u/veekta,comment_contributor,296
u/cheezbeans,comment_contributor,3331
u/wickstjo,comment_contributor,37
u/dcjsail,comment_contributor,740
u/momitsu,comment_contributor,888
u/PopcornSupply,comment_contributor,555
u/aesthetik_,comment_contributor,37
u/teachmegerman,comment_contributor,37
u/MaconBacon01,comment_contributor,2073
u/superchampsmurf,comment_contributor,37
u/Jake10873,comment_contributor,185
u/Coindog88,comment_contributor,407
u/UnknownEssence,comment_contributor,259
u/gjallerhorn,comment_contributor,37
u/Speedy1050,comment_contributor,296
u/trb0x,comment_contributor,296
u/BatmaxPT,comment_contributor,111
u/singlefin12222,comment_contributor,148
u/aubenamogelang,comment_contributor,74
u/Mikemx123,comment_contributor,3183
u/Daveinchi1975,comment_contributor,4738
u/elizabethgiovanni,comment_contributor,1073
u/brentoshiro,comment_contributor,222
u/asstoken,comment_contributor,1110
u/Rune4444,comment_contributor,185
u/MrSensibleUsername,comment_contributor,74
u/tenzor7,comment_contributor,888
u/NSErrorWtf,comment_contributor,1369
u/Charmingly_Conniving,comment_contributor,185
u/TJ11240,comment_contributor,629
u/lunchpine,comment_contributor,1776
u/babbyatemydingo,comment_contributor,666
u/PinkPuppyBall,comment_contributor,259
u/damonroe,comment_contributor,222
u/khjrizen,comment_contributor,74
u/crikeyrob,comment_contributor,37
u/SexyMonad,comment_contributor,185
u/theSentryandtheVoid,comment_contributor,3553
u/night_marchers,comment_contributor,740
u/GreatSleep,comment_contributor,111
u/Nyxxsys,comment_contributor,481
u/goldcurrent,comment_contributor,518
u/Prospero181,comment_contributor,74
u/m1kec1av,comment_contributor,74
u/EtherMyFirstLove,comment_contributor,1332
u/OracleOfEthereum,comment_contributor,148
u/PhyllisWheatenhousen,comment_contributor,111
u/truesoul42,comment_contributor,37
u/63schoefflin,comment_contributor,148
u/Coldsnap,comment_contributor,481
u/beezer005,comment_contributor,148
u/ETHdude8686,comment_contributor,2147
u/McPheeb,comment_contributor,1961
u/WinterCharm,comment_contributor,333
u/Darigas,comment_contributor,1295
u/ethbullrun,comment_contributor,296
u/poopy_meatball,comment_contributor,37
u/spacedv,comment_contributor,481
u/Juan_Zaragoza,comment_contributor,518
u/Spacesider,comment_contributor,74
u/Sfdao91,comment_contributor,3590
u/Basoosh,comment_contributor,481
u/Artless_Dodger,comment_contributor,333
u/raddlepad,comment_contributor,703
u/justdriftinaround,comment_contributor,370
u/jkaykr,comment_contributor,148
u/bad_with_stress,comment_contributor,555
u/Trident1000,comment_contributor,148
u/SofiaNorton01,comment_contributor,37
u/KIN2CanDo,comment_contributor,148
u/Confucius_said,comment_contributor,1184
u/OneSmallStepForLambo,comment_contributor,481
u/sitido,comment_contributor,407
u/_crypto_crack,comment_contributor,37
u/kvhnuke,comment_contributor,296
u/MasterUm,comment_contributor,999
u/Mathje,comment_contributor,222
u/Vodetech,comment_contributor,370
u/A1experry,comment_contributor,296
u/lsara3699,comment_contributor,259
u/yosh579,comment_contributor,1850
u/OptimumOfficial,comment_contributor,444
u/spew888,comment_contributor,111
u/theystolemyid,comment_contributor,333
u/etherpartyfan,comment_contributor,4590
u/Itsafiresale,comment_contributor,74
u/Hypn0sh,comment_contributor,148
u/RustedFromTheRain_,comment_contributor,333
u/IdkWutImTalkingAbout,comment_contributor,74
u/chris4daArsenal,comment_contributor,740
u/TheMarshalll,comment_contributor,37
u/jtnichol,comment_contributor,36093
u/bitbybits,comment_contributor,481
u/LOLWOWgetWAXED,comment_contributor,185
u/DexVitality,comment_contributor,111
u/timmerwb,comment_contributor,1221
u/resonantseed,comment_contributor,296
u/aaronchi,comment_contributor,333
u/ridgerunners,comment_contributor,962
u/weaponizedstupidity,comment_contributor,629
u/612tickets,comment_contributor,111
u/GooseG17,comment_contributor,1924
u/peppers_,comment_contributor,296
u/Rektoshiraptor,comment_contributor,2554
u/idiotsecant,comment_contributor,74
u/pmarinel,comment_contributor,37
u/CuriousTitmouse,comment_contributor,259
u/bookhuntah,comment_contributor,111
u/throwawayo12345,comment_contributor,518
u/ProfStrangelove,comment_contributor,74
u/alllllllriightythen,comment_contributor,37
u/Jawnathin,comment_contributor,222
u/letempsbleu,comment_contributor,259
u/CreatedSoICanUpvote,comment_contributor,148
u/Enigma735,comment_contributor,259
u/setzer,comment_contributor,74
u/Assess,comment_contributor,185
u/diggsta,comment_contributor,1184
u/capitalol,comment_contributor,111
u/licenselessdriver,comment_contributor,1480
u/WinterSonata_,comment_contributor,37
u/ethcepthional,comment_contributor,259
u/dtm1992,comment_contributor,592
u/Bitcoin1776,comment_contributor,1961
u/GeorgesTurdBlossom,comment_contributor,222
u/tamhenk,comment_contributor,37
u/wwlawren,comment_contributor,148
u/thedestro224,comment_contributor,37
u/Wurstgewitter,comment_contributor,74
u/norock,comment_contributor,592
u/kaguito,comment_contributor,37
u/br0cket,comment_contributor,74
u/_lotuseater,comment_contributor,37
u/siloa,comment_contributor,703
u/px403,comment_contributor,333
u/laughncow,comment_contributor,1258
u/cfcstar,comment_contributor,37
u/ConsenSys_Socialite,comment_contributor,296
u/Sunny_McJoyride,comment_contributor,296
u/daronjay,comment_contributor,148
u/flowcrypt,comment_contributor,74
u/coinsources,comment_contributor,2406
u/BlockEnthusiast,comment_contributor,444
u/noveler7,comment_contributor,222
u/0bran,comment_contributor,444
u/googlefu_panda,comment_contributor,37
u/leth1250,comment_contributor,259
u/Zizazorro,comment_contributor,185
u/NelsonTingles,comment_contributor,185
u/swateen,comment_contributor,222
u/ruvalm,comment_contributor,9624
u/fiah84,comment_contributor,3923
u/shabanezzi,comment_contributor,37
u/kkanso,comment_contributor,1295
u/iammagnanimous,comment_contributor,999
u/zeckery,comment_contributor,37
u/lazyj2020,comment_contributor,1961
u/Laserguy1979,comment_contributor,74
u/ridger0,comment_contributor,37
u/xVaine,comment_contributor,37
u/winnybrah,comment_contributor,2591
u/deeznuts69,comment_contributor,37
u/Zapitnow,comment_contributor,592
u/banderwocky,comment_contributor,148
u/Downvotes-All-Memes,comment_contributor,1999
u/Mindfuckerpt,comment_contributor,111
u/ippogrifomisturbo,comment_contributor,37
u/t_paps,comment_contributor,111
u/e3ee3,comment_contributor,148
u/willy5577,comment_contributor,2887
u/Pharman07,comment_contributor,259
u/Wendys_4_Tendies,comment_contributor,1961
u/10th_Mountain,comment_contributor,148
u/greyenlightenment,comment_contributor,148
u/khalo_,comment_contributor,1332
u/slay_the_beast,comment_contributor,5997
u/MagicGInfinity,comment_contributor,259
u/CoverYourOrifices,comment_contributor,592
u/arthur_fissure,comment_contributor,37
u/yam_plan,comment_contributor,222
u/calinmanta,comment_contributor,222
u/shitcanfly,comment_contributor,185
u/peter_struwell,comment_contributor,37
u/crpz32,comment_contributor,74
u/Masafumi-Arima,comment_contributor,37
u/Teddy_McFluff,comment_contributor,74
u/Smelt_It_Dealt_It_,comment_contributor,148
u/warclannubs,comment_contributor,74
u/d3r3c,comment_contributor,148
u/jordansideas,comment_contributor,444
u/Ordinary_investor,comment_contributor,703
u/eviljordan,comment_contributor,703
u/ttedder,comment_contributor,74
u/throwaway_cabe,comment_contributor,37
u/Blazenburner,comment_contributor,703
u/moon_airspace,comment_contributor,10883
u/Savage_X,comment_contributor,3183
u/thoughts4food,comment_contributor,296
u/BC_investor,comment_contributor,1036
u/Stobie,comment_contributor,1813
u/swissthoemu,comment_contributor,4294
u/StrongLLC,comment_contributor,1406
u/atLeastAverage,comment_contributor,2332
u/johnbmaclemore,comment_contributor,2221
u/TaxExempt,comment_contributor,3961
u/jandetlefsen,comment_contributor,222
u/LordMetrognome,comment_contributor,185
u/TotesMessenger,comment_contributor,185
u/ixBlaZeRxi,comment_contributor,111
u/1stpickbird,comment_contributor,629
u/no_face,comment_contributor,37
u/idontknowthismuch,comment_contributor,518
u/ferdango,comment_contributor,185
u/huntingisland,comment_contributor,1147
u/5dayoldburrito,comment_contributor,37
u/Sandman87223,comment_contributor,111
u/182764125216,comment_contributor,3368
u/EZinvestor,comment_contributor,111
u/SPT0615-JD,comment_contributor,2221
u/fafrvwls,comment_contributor,5404
u/vinelife420,comment_contributor,7996
u/koottravel,comment_contributor,37
u/caramelpies,comment_contributor,3257
u/Miffers,comment_contributor,925
u/carlslarson,comment_contributor,5700
u/kwadrax,comment_contributor,9439
u/IYIyTh,comment_contributor,5219
u/yeth_pleeth,comment_contributor,185
u/SomeFlyGuy,comment_contributor,37
u/triangular_evolution,comment_contributor,1036
u/haibofighting,comment_contributor,37
u/bitcoinbrotha,comment_contributor,703
u/hoinkalot,comment_contributor,814
u/RelaxPrime,comment_contributor,444
u/Tuned3f,comment_contributor,5367
u/chrisguns521,comment_contributor,111
u/Nova06Ball,comment_contributor,740
u/NLDutchboy,comment_contributor,2036
u/celeduc,comment_contributor,925
u/MyWayToTheTop,comment_contributor,481
u/wiildcat,comment_contributor,37
u/CozImDirty,comment_contributor,1776
u/sheazang,comment_contributor,74
u/eurotzar,comment_contributor,296
u/LGuappo,comment_contributor,666
u/clare863,comment_contributor,481
u/NotMyKetchup,comment_contributor,37
u/ReallyYouDontSay,comment_contributor,407
u/vuduchyld,comment_contributor,5663
u/ZubuteXx,comment_contributor,185
u/AllMightLove,comment_contributor,74
u/oblomov1,comment_contributor,259
u/Blueberry314E-2,comment_contributor,2073
u/sanchelsea,comment_contributor,37
u/711Dweller,comment_contributor,111
u/mollyblues,comment_contributor,222
u/davidahoffman,comment_contributor,999
u/Xaraz,comment_contributor,111
u/recoveringcanuck,comment_contributor,481
u/BlockchainTechDD,comment_contributor,74
u/serefz,comment_contributor,185
u/wizad23,comment_contributor,333
u/alrightcool123,comment_contributor,74
u/Quebeth,comment_contributor,1739
u/imagine_grey,comment_contributor,185
u/Hodlicious,comment_contributor,74
u/blackdowney,comment_contributor,222
u/kellicanpelican,comment_contributor,37
u/readreed,comment_contributor,74
u/Bitsaa,comment_contributor,814
u/EthFan,comment_contributor,5330
u/Francis_Dollar_Hide,comment_contributor,185
u/Frankdiddly,comment_contributor,259
u/miker397,comment_contributor,555
u/jredsama,comment_contributor,444
u/mori226,comment_contributor,444
u/rxg,comment_contributor,1036
u/harbinger-alpha,comment_contributor,2813
u/Franco92S,comment_contributor,407
u/okrim_cro,comment_contributor,37
u/discipleofvitalik,comment_contributor,592
u/AAfloor,comment_contributor,111
u/pa7x1,comment_contributor,2517
u/medhaythem,comment_contributor,185
u/biggunsg0b00m,comment_contributor,296
u/santa_cruz_shredder,comment_contributor,74
u/obionecoinobi,comment_contributor,481
u/redditquestions1989,comment_contributor,148
u/davethetrousers,comment_contributor,2554
u/ppc-hero,comment_contributor,2554
u/weinercousin,comment_contributor,481
u/alivmo,comment_contributor,148
u/mr_li_jr,comment_contributor,185
u/vekypula,comment_contributor,444
u/Daveski929,comment_contributor,37
u/negedgeClk,comment_contributor,259
u/investorpatrick,comment_contributor,592
u/Bumerang007,comment_contributor,814
u/originprotocol,comment_contributor,74
u/Oom_B,comment_contributor,74
u/beforeiletyouin,comment_contributor,37
u/BoyScout22,comment_contributor,37
u/Daximoose,comment_contributor,407
u/codemonkey010,comment_contributor,37
u/redbullatwork,comment_contributor,2924
u/daryllautk,comment_contributor,222
u/fluxamnesia,comment_contributor,37
u/yoelopio,comment_contributor,37
u/atleastimnotabanker,comment_contributor,296
u/Skol2525,comment_contributor,111
u/alexiglesias007,comment_contributor,851
u/uniswap,comment_contributor,222
u/dont_forget_canada,comment_contributor,2443
u/furyasd,comment_contributor,888
u/toolsroaster,comment_contributor,3812
u/Jeffy39,comment_contributor,74
u/realbpbrother,comment_contributor,148
u/Snwmn88,comment_contributor,777
u/KotMyNetchup,comment_contributor,6071
u/Caturday_Yet,comment_contributor,185
u/Juddston,comment_contributor,1258
u/shadow000333,comment_contributor,111
u/OlivierDeCarglass,comment_contributor,2073
u/Archibald8043,comment_contributor,185
u/dragonballsteve85,comment_contributor,74
u/pieceofdebri,comment_contributor,518
u/Mr_N1ce,comment_contributor,111
u/twigwam,comment_contributor,222
u/LivingFlow,comment_contributor,222
u/humansources,comment_contributor,3590
u/DarkestChaos,comment_contributor,333
u/cosminstefane,comment_contributor,851
u/hj133,comment_contributor,111
u/doyourduty,comment_contributor,1110
u/VividEdge,comment_contributor,259
u/bro_can_u_even_carve,comment_contributor,37
u/caligrown87,comment_contributor,37
u/Zur1ch,comment_contributor,148
u/bassbuddha,comment_contributor,37
u/Zarigis,comment_contributor,259
u/SHREDERZ,comment_contributor,2369
u/Ducal,comment_contributor,37
u/EyePharTed,comment_contributor,333
u/WeeWillieWinkieHODLr,comment_contributor,296
u/hot-diggidy-doge,comment_contributor,37
u/Cullyn,comment_contributor,74
u/the_antonious,comment_contributor,74
u/SgtRay,comment_contributor,444
u/minermoon,comment_contributor,74
u/VerifiedTransaction,comment_contributor,37
u/icecool7577,comment_contributor,37
u/DeviateFish_,comment_contributor,3183
u/eetherway,comment_contributor,481
u/zaphod42,comment_contributor,37
u/hereimalive,comment_contributor,2887
u/ocusoa,comment_contributor,259
u/243576809,comment_contributor,2961
u/krokodilmannchen,comment_contributor,19212
u/nigeon23,comment_contributor,74
u/HeyDude696252073652,comment_contributor,1480
u/doug3465,comment_contributor,518
u/All_Work_All_Play,comment_contributor,4331
u/Yoldark,comment_contributor,666
u/drumstix42,comment_contributor,259
u/somedaysitsdark,comment_contributor,37
u/DivineLawnmower,comment_contributor,259
u/imagranny,comment_contributor,37
u/NinjaTap,comment_contributor,259
u/joshuawakefield,comment_contributor,814
u/SleepShadow,comment_contributor,111
u/kymo,comment_contributor,185
u/ChewlyHans,comment_contributor,814
u/Ubernaut84,comment_contributor,148
u/owolf8,comment_contributor,481
u/PM_bitcoins,comment_contributor,222
u/whuttheeperson,comment_contributor,1739
u/KRE1ON,comment_contributor,296
u/ParticlMaximalist,comment_contributor,3701
u/cryptohiwatari,comment_contributor,444
u/UnknownParentage,comment_contributor,444
u/hudzerflip,comment_contributor,481
u/csasker,comment_contributor,3961
u/jackethftw,comment_contributor,74
u/Polak_Potrafi,comment_contributor,111
u/CryptoForDummies,comment_contributor,37
u/Legogris,comment_contributor,370
u/altdrone,comment_contributor,2073
u/tobuno,comment_contributor,37
u/AngryCusstomer,comment_contributor,666
u/IlIIIlIlII,comment_contributor,370
u/bitofc,comment_contributor,37
u/amoebanomaly,comment_contributor,777
u/Whatdduck,comment_contributor,259
u/MediumDebt,comment_contributor,111
u/monero_rs,comment_contributor,3479
u/lokojones,comment_contributor,111
u/Toothache0,comment_contributor,111
u/Childsp,comment_contributor,925
u/NiceTryBro,comment_contributor,148
u/timetravelinteleport,comment_contributor,629
u/RoyalVault,comment_contributor,592
u/jsbe,comment_contributor,222
u/WeAreBreaker,comment_contributor,74
u/anonether,comment_contributor,333
u/_parameters,comment_contributor,370
u/PurpleHamster,comment_contributor,259
u/TwoNipperSnappers,comment_contributor,2369
u/atlas-ship,comment_contributor,333
u/Coinee,comment_contributor,74
u/Limzero,comment_contributor,185
u/FastSuccotash1,comment_contributor,37
u/trooper5010,comment_contributor,37
u/whatup1111,comment_contributor,1887
u/SLCBRUSS,comment_contributor,74
u/LethalExiles,comment_contributor,333
u/Nico9111,comment_contributor,3590
u/z6joker9,comment_contributor,111
u/LevitatingTurtles,comment_contributor,1665
u/akira_fmx,comment_contributor,666
u/ThinCrusts,comment_contributor,444
u/tyrefthrowy,comment_contributor,333
u/ThoriumJeep,comment_contributor,37
u/aSchizophrenicCat,comment_contributor,222
u/clearintent,comment_contributor,259
u/ValioDalio,comment_contributor,259
u/etheraider,comment_contributor,1554
u/Etherduck,comment_contributor,6256
u/r00tus3r,comment_contributor,333
u/meniscalinjury262,comment_contributor,1147
u/Mayneminu,comment_contributor,2887
u/spartaquzh,comment_contributor,481
u/GastonJones,comment_contributor,37
u/Ethcuecomber,comment_contributor,148
u/gand_ji,comment_contributor,1999
u/gloriasinefine,comment_contributor,74
u/aur3l1us,comment_contributor,370
u/kryones,comment_contributor,37
u/hoista,comment_contributor,74
u/yeahnoworriesmate,comment_contributor,222
u/islandcookies,comment_contributor,259
u/PsychologicalPie,comment_contributor,74
u/Crypto_Mad,comment_contributor,185
u/erictron,comment_contributor,3331
u/theoneonmove,comment_contributor,37
u/icarebot,comment_contributor,333
u/mattb517,comment_contributor,74
u/davecraige,comment_contributor,370
u/benjaminbuttonn,comment_contributor,148
u/crypto_kang,comment_contributor,111
u/Mynoncryptoaccount,comment_contributor,37
u/adel0984,comment_contributor,111
u/ninjasenses,comment_contributor,740
u/angeloff,comment_contributor,74
u/DannyDesert,comment_contributor,37
u/cyounessi,comment_contributor,37
u/BlockAccountant,comment_contributor,222
u/ninijon1,comment_contributor,555
u/civilobedient,comment_contributor,296
u/pwrstudio,comment_contributor,518
u/BeerBellyFatAss,comment_contributor,259
u/TimDaub1337,comment_contributor,74
u/lackjester,comment_contributor,259
u/Jakechelsea,comment_contributor,259
u/riftadrift,comment_contributor,37
u/cryptodal,comment_contributor,111
u/Lopsided_Barber,comment_contributor,111
u/Beepboopdigitalcoin,comment_contributor,1258
u/MaxSvett,comment_contributor,148
u/freeeking,comment_contributor,37
u/Frater_Petrichor,comment_contributor,444
u/Pandora_Key,comment_contributor,2110
u/ItsAConspiracy,comment_contributor,703
u/snakepark,comment_contributor,185
u/Snowboarding612,comment_contributor,37
u/mohtasham22,comment_contributor,74
u/DAGTofficial,comment_contributor,296
u/silkblueberry,comment_contributor,1517
u/DidYouSayBitcoin,comment_contributor,407
u/MrDrool,comment_contributor,111
u/trixyd,comment_contributor,148
u/dashbad,comment_contributor,296
u/kratlister,comment_contributor,296
u/stalin_9000,comment_contributor,74
u/astrobro2,comment_contributor,555
u/-PmMeDogPics-,comment_contributor,518
u/Ewoktoremember,comment_contributor,37
u/_30d_,comment_contributor,185
u/trembletimbers,comment_contributor,74
u/TellYourSisterILover,comment_contributor,629
u/clamchoda,comment_contributor,925
u/HonestAndRaw,comment_contributor,555
u/literalshowerthought,comment_contributor,370
u/jffgoldblum,comment_contributor,74
u/xpvwws,comment_contributor,333
u/ToEthMooonGuy,comment_contributor,2184
u/fuck_im_dead,comment_contributor,37
u/blizworthy,comment_contributor,999
u/flygoing,comment_contributor,555
u/zyncks07,comment_contributor,259
u/thenamelessone7,comment_contributor,296
u/duma0610,comment_contributor,1332
u/MrStoleMyETH,comment_contributor,37
u/pantysnatch,comment_contributor,148
u/BGoodej,comment_contributor,1517
u/Michael_of_Judah,comment_contributor,333
u/papaplomb,comment_contributor,259
u/Lastwordsbyslick,comment_contributor,2665
u/towerclimbonline,comment_contributor,407
u/Nooku,comment_contributor,11364
u/Elaherg,comment_contributor,74
u/bloodshart,comment_contributor,111
u/Azotoss,comment_contributor,111
u/drr30,comment_contributor,370
u/Redditomatic3000,comment_contributor,999
u/AwardFabrik-SoF,comment_contributor,37
u/adambenayoun,comment_contributor,111
u/plaenar,comment_contributor,1258
u/BakedEnt,comment_contributor,11771
u/deathntaxez,comment_contributor,222
u/2bad2care,comment_contributor,592
u/tommaen,comment_contributor,555
u/NeonSeal,comment_contributor,74
u/satza,comment_contributor,814
u/Lifeofahero,comment_contributor,222
u/beerchicken8,comment_contributor,74
u/SteveAM1,comment_contributor,74
u/ebaley,comment_contributor,111
u/iiJokerzace,comment_contributor,37
u/MalcomIn,comment_contributor,592
u/jacksonobrian,comment_contributor,148
u/Eastlondonmanwithava,comment_contributor,518
u/scheistermeister,comment_contributor,148
u/kiwi-in-oz,comment_contributor,74
u/dwy0818,comment_contributor,555
u/riddeledwitholes,comment_contributor,333
u/icallpurps,comment_contributor,37
u/lateralspin,comment_contributor,481
u/phyzled,comment_contributor,37
u/cryptobuy_org,comment_contributor,222
u/Zarlon,comment_contributor,481
u/etherbie,comment_contributor,2443
u/blockchainlegalblog,comment_contributor,1739
u/obi_ss,comment_contributor,74
u/mattnumber,comment_contributor,1480
u/SirHaxington,comment_contributor,296
u/agree-with-you,comment_contributor,222
u/doglife10000,comment_contributor,2332
u/svendrig,comment_contributor,37
u/chalbersma,comment_contributor,592
u/Mrs_Willy,comment_contributor,3220
u/trent_vanepps,comment_contributor,629
u/grow_on_mars,comment_contributor,185
u/Gogols_Nose,comment_contributor,740
u/okay-to-infinity,comment_contributor,444
u/UncleRoshi_,comment_contributor,740
u/N53W6,comment_contributor,148
u/bucketscometh,comment_contributor,296
u/JalelTounsi,comment_contributor,1850
u/Delusionsofgrander,comment_contributor,185
u/masahirox,comment_contributor,3701
u/0661,comment_contributor,5515
u/lehyde,comment_contributor,185
u/willem_willem,comment_contributor,111
u/litpath,comment_contributor,481
u/amp-is-watching-you,comment_contributor,37
u/bearjewpacabra,comment_contributor,333
u/btcMike,comment_contributor,1147
u/WeaponizedMath,comment_contributor,814
u/perfekt_disguize,comment_contributor,37
u/pandoras_sphere,comment_contributor,37
u/xtermz,comment_contributor,185
u/Galveira,comment_contributor,1332
u/crypto-boy,comment_contributor,703
u/LifelongHODL,comment_contributor,407
u/psswrd12345,comment_contributor,5293
u/SpectacledHero,comment_contributor,962
u/LongFaced,comment_contributor,148
u/PORTMANTEAU-BOT,comment_contributor,111
u/KuDeTa,comment_contributor,37
u/MoveToSRQ,comment_contributor,592
u/kinetic_jfig,comment_contributor,259
u/ThatOfficeMaxGuy,comment_contributor,2887
u/INTMMTSIR,comment_contributor,4072
u/eddyg987,comment_contributor,407
u/AnonymousCoward4223,comment_contributor,74
u/zemoer,comment_contributor,148
u/sumoisabeast,comment_contributor,259
u/o1d0r,comment_contributor,259
u/Wizarmon,comment_contributor,37
u/Killit_Witfya,comment_contributor,74
u/matt879,comment_contributor,259
u/OffMyPorch,comment_contributor,1776
u/nomakz88,comment_contributor,74
u/-AndyDufresne-,comment_contributor,74
u/instyle9,comment_contributor,1036
u/PurpDjango,comment_contributor,222
u/iWasChris,comment_contributor,259
u/LiterallyTrolling,comment_contributor,3812
u/Frescalal,comment_contributor,1221
u/Chessmasterrex,comment_contributor,74
u/Sirrus_VG,comment_contributor,148
u/PM-ME-UR-TOTS,comment_contributor,185
u/UKHb8O,comment_contributor,222
u/b4ttous4i,comment_contributor,481
u/hipaces,comment_contributor,1295
u/coolrunnings190,comment_contributor,629
u/NeedzRehab,comment_contributor,6219
u/singlestateserenity,comment_contributor,4590
u/Ioseliani,comment_contributor,37
u/thematrixtrucker,comment_contributor,259
u/egordoniv,comment_contributor,1036
u/moeb768,comment_contributor,37
u/c63amg11c,comment_contributor,925
u/mrthomyeth,comment_contributor,296
u/LoneTowerHustla,comment_contributor,74
u/Smalldeadchris,comment_contributor,185
u/28mcanada,comment_contributor,74
u/0ctopus,comment_contributor,2517
u/Mr_Fr33zyy,comment_contributor,37
u/Thargor,comment_contributor,185
u/Jabenorth,comment_contributor,148
u/Kuala-Lumpur,comment_contributor,444
u/candymanfivetimes,comment_contributor,4849
u/slashedback,comment_contributor,444
u/Nurotec,comment_contributor,5478
u/denizined,comment_contributor,444
u/thomatrain112288,comment_contributor,444
u/MeMeBitcoin,comment_contributor,37
u/rlql,comment_contributor,111
u/whosurdaddy972,comment_contributor,37
u/shibewtf,comment_contributor,37
u/cryptonomik,comment_contributor,518
u/Bunglesmith,comment_contributor,111
u/millzcrypto,comment_contributor,3368
u/andrjor,comment_contributor,481
u/Fullmetalx117,comment_contributor,518
u/herbivorous-cyborg,comment_contributor,407
u/King-JC,comment_contributor,296
u/Vivetastic82,comment_contributor,259
u/squidgle,comment_contributor,74
u/ThOccasionalRedditor,comment_contributor,333
u/monkey_in_the_bushes,comment_contributor,2332
u/USERNAME_ERROR,comment_contributor,296
u/jamelza11,comment_contributor,148
u/PlayThatFunkyMusic69,comment_contributor,1036
u/KICKTIONARE,comment_contributor,148
u/nguyenrip,comment_contributor,74
u/ShhHutYuhMuhDerkhead,comment_contributor,3035
u/sandball,comment_contributor,111
u/TheSysAdmin,comment_contributor,259
u/Gh0sta,comment_contributor,333
u/Starks40oz,comment_contributor,222
u/bguy74,comment_contributor,1110
u/-Sledgehammer-,comment_contributor,592
u/Lord_Pickel,comment_contributor,481
u/yeshe257,comment_contributor,74
u/m00nk3y1,comment_contributor,74
u/CoinedPrince,comment_contributor,8551
u/Mycatsdied,comment_contributor,481
u/SlySoothSayer,comment_contributor,555
u/ethexplorer,comment_contributor,888
u/thonth,comment_contributor,777
u/j4c0p,comment_contributor,74
u/trezman,comment_contributor,111
u/LOSIRA_FIGHTING,comment_contributor,259
u/PH444,comment_contributor,37
u/sendmorechuckberry,comment_contributor,333
u/Zukicha,comment_contributor,148
u/LootCoin,comment_contributor,444
u/andreasmaker,comment_contributor,259
u/TheRatj,comment_contributor,851
u/TommyEconomics,comment_contributor,851
u/SeaMonkey82,comment_contributor,814
u/FlatulentVaper,comment_contributor,592
u/blalah,comment_contributor,4035
u/Dinny14,comment_contributor,296
u/GaliX0,comment_contributor,185
u/rafajafar,comment_contributor,444
u/cryptocharter4lyfe,comment_contributor,37
u/YoYoAmerica,comment_contributor,444
u/lizard-overlord,comment_contributor,296
u/AnansiB,comment_contributor,37
u/ro-_-b,comment_contributor,74
u/KillerDr3w,comment_contributor,370
u/abc2jb,comment_contributor,1517
u/Dmgsecurity,comment_contributor,1036
u/ItalianMast3rm1n4,comment_contributor,37
u/singlesstateserenity,comment_contributor,1591
u/ironmagnesiumzinc,comment_contributor,74
u/richyboycaldo,comment_contributor,74
u/lunakatharina,comment_contributor,74
u/Metalsludge,comment_contributor,592
u/playingethereum,comment_contributor,333
u/CBobRobison,comment_contributor,111
u/skyfire-x,comment_contributor,185
u/Dr_Bendova420,comment_contributor,74
u/redemo,comment_contributor,37
u/alkalinegs,comment_contributor,2813
u/nickvicious,comment_contributor,1591
u/asiankitten92,comment_contributor,888
u/bakurtz,comment_contributor,185
u/sdott87,comment_contributor,185
u/LamboshiNakaghini,comment_contributor,2961
u/StakingEconomy,comment_contributor,37
u/BigglyBillBrasky,comment_contributor,1147
u/vjeuss,comment_contributor,111
u/Conurtrol,comment_contributor,111
u/frazing,comment_contributor,555
u/Octavio_belise,comment_contributor,1036
u/ethrevolution,comment_contributor,1258
u/Sparta89,comment_contributor,962
u/Aryman,comment_contributor,481
u/IwonderHowAndWhy,comment_contributor,555
u/BcnMarina,comment_contributor,148
u/OrangeLambo,comment_contributor,999
u/iCan20,comment_contributor,4479
u/bitchstolemykodo,comment_contributor,3849
u/sp_com,comment_contributor,370
u/tarpmaster,comment_contributor,777
u/dirtyUndiesTheWhites,comment_contributor,2665
u/ProtegeAA,comment_contributor,222
u/Ether0x,comment_contributor,185
u/PerpetualCamel,comment_contributor,111
u/LittleDrummerBoy555,comment_contributor,407
u/bah-lock-ay,comment_contributor,703
u/dont_hate_scienceguy,comment_contributor,222
u/Electracomplex,comment_contributor,74
u/Beer_,comment_contributor,74
u/stevej11,comment_contributor,148
u/twitchtvbitcoinlouie,comment_contributor,2776
u/Bag_Full_Of_Snakes,comment_contributor,259
u/voorroel,comment_contributor,111
u/rando1407,comment_contributor,1813
u/dudeeggs,comment_contributor,1739
u/Paleclimber,comment_contributor,259
u/kromatikus,comment_contributor,2850
u/_moto,comment_contributor,777
u/Katzenpuff,comment_contributor,222
u/0xf3e,comment_contributor,962
u/1fatfrog,comment_contributor,111
u/relatively_special,comment_contributor,296
u/Peng_Fei,comment_contributor,2480
u/W944,comment_contributor,407
u/Zebracakes2009,comment_contributor,222
u/Franlian,comment_contributor,444
u/crypto_spy1,comment_contributor,518
u/skygoo7,comment_contributor,629
u/Vliegeraar,comment_contributor,1110
u/shithappenssg,comment_contributor,370
u/MagikarpLevel20,comment_contributor,222
u/iloverainbowbelts,comment_contributor,370
u/Dwigt_Rortugal,comment_contributor,148
u/chackle,comment_contributor,296
u/lawfultots,comment_contributor,555
u/TidyGate1,comment_contributor,296
u/trettry,comment_contributor,555
u/TheReasonabilists,comment_contributor,148
u/Inter_Mirifica,comment_contributor,259
u/daeg83,comment_contributor,296
u/joegetsome,comment_contributor,222
u/mysql101,comment_contributor,777
u/discreetlog,comment_contributor,333
u/MiscoloredFruit,comment_contributor,296
u/redredditor,comment_contributor,1147
u/Builder_Bob23,comment_contributor,333
u/donniedarkero,comment_contributor,111
u/cryptoboy4001,comment_contributor,3035
u/-Mobin,comment_contributor,185
u/DanPlaton,comment_contributor,592
u/janus8888,comment_contributor,555
u/quartzofeldspathic,comment_contributor,407
u/OrderAmongChaos,comment_contributor,777
u/Naviers_Stoked,comment_contributor,1739
u/FreeFactoid,comment_contributor,592
u/inverses2,comment_contributor,1887
u/Iowa_Hawkeye,comment_contributor,333
u/SuddenMind,comment_contributor,1961
u/NoltyFR,comment_contributor,148
u/lntrospectre,comment_contributor,2702
u/Pasttuesday,comment_contributor,6515
u/juice1234567890,comment_contributor,74
u/SkLcHi,comment_contributor,666
u/OHYAYAYASSS,comment_contributor,481
u/narnoo,comment_contributor,148
u/Afr0Karma,comment_contributor,1221
u/fufty1,comment_contributor,259
u/Gekonn,comment_contributor,629
u/artful-compose,comment_contributor,259
u/giorgaris,comment_contributor,37
u/Tino707,comment_contributor,37
u/boglehead288,comment_contributor,37
u/jackdaniels79,comment_contributor,74
u/orangeblue3,comment_contributor,370
u/thatoneguy092,comment_contributor,740
u/CommunistAndy,comment_contributor,4331
u/moon-or-doom,comment_contributor,37
u/braincrowd,comment_contributor,37
u/oudiou,comment_contributor,74
u/comeatmebroz,comment_contributor,185
u/gifv-bot,comment_contributor,37
u/lettherebedwight,comment_contributor,185
u/xterra88,comment_contributor,37
u/zedss_dead_baby_,comment_contributor,1073
u/nhaneezy,comment_contributor,37
u/Wsepgwse14,comment_contributor,592
u/gamblehejah,comment_contributor,37
u/BronzeIVScrub,comment_contributor,370
u/Motown_Ferryman,comment_contributor,296
u/ZumbiC,comment_contributor,333
u/valpo033,comment_contributor,148
u/corbindallas52,comment_contributor,222
u/Xxx85xxX,comment_contributor,74
u/ethnowpls,comment_contributor,111
u/DigitalStefan,comment_contributor,74
u/zerobass,comment_contributor,3035
u/FlashyQpt,comment_contributor,74
u/Trainer_Red_,comment_contributor,111
u/geniusboy91,comment_contributor,37
u/pararampampam,comment_contributor,222
u/mrnobodyman,comment_contributor,296
u/gemeinsam,comment_contributor,259
u/Vinyyy23,comment_contributor,444
u/PlanetMahrs,comment_contributor,37
u/OutPlayAsians,comment_contributor,1184
u/Q8ball,comment_contributor,222
u/leeeeeer,comment_contributor,74
u/Uzair_Chief,comment_contributor,222
u/dtarrnation,comment_contributor,74
u/iethrb0i,comment_contributor,37
u/ChosunOne,comment_contributor,37
u/datkoin,comment_contributor,37
u/ckd001,comment_contributor,851
u/Jacobiangod,comment_contributor,37
u/Blackwrench,comment_contributor,37
u/SplinterCole,comment_contributor,222
u/TRUMP_IS_TRAITOR,comment_contributor,1776
u/hblask,comment_contributor,3961
u/mstephpeachhead,comment_contributor,37
u/datawarrior123,comment_contributor,222
u/JohnnyLingoMusic,comment_contributor,111
u/kirkisartist,comment_contributor,74
u/mpow,comment_contributor,148
u/andre4444,comment_contributor,1813
u/macetheface,comment_contributor,74
u/rumblecat,comment_contributor,703
u/snowk18,comment_contributor,111
u/Isntthatdelicious,comment_contributor,148
u/siejbksocjgtjwicjfkw,comment_contributor,1332
u/sushinger,comment_contributor,777
u/bergaufbergab,comment_contributor,74
u/TheRealDatapunk,comment_contributor,1295
u/Best_coder_NA,comment_contributor,37
u/trancephorm,comment_contributor,333
u/j1492,comment_contributor,37
u/cryptochecker,comment_contributor,185
u/MidnightOnMars,comment_contributor,37
u/Hang10Dude,comment_contributor,444
u/tranmear,comment_contributor,74
u/Beraed,comment_contributor,148
u/stvnf,comment_contributor,111
u/ChazSchmidt,comment_contributor,1591
u/FF_in_MN,comment_contributor,74
u/Crypto-AA,comment_contributor,74
u/commonreallynow,comment_contributor,1406
u/Aldredge01,comment_contributor,74
u/Darius510,comment_contributor,259
u/upscaleHipster,comment_contributor,37
u/JJVW38,comment_contributor,296
u/Souptacular,comment_contributor,2850
u/Unitedterror,comment_contributor,185
u/Dumbhandle,comment_contributor,2776
u/amasiphoto,comment_contributor,37
u/roots9,comment_contributor,925
u/92Face,comment_contributor,111
u/steppe5,comment_contributor,592
u/rabbyte,comment_contributor,111
u/ethHead15,comment_contributor,370
u/vegasluna,comment_contributor,148
u/theprophety,comment_contributor,1221
u/chilipeppers314,comment_contributor,1258
u/ShitoshiLite,comment_contributor,74
u/BroKing,comment_contributor,37
u/Iknowyougotsole,comment_contributor,37
u/BitBurst,comment_contributor,148
u/shkarsaed2,comment_contributor,1036
u/fightingpillow,comment_contributor,962
u/soupdizzle1,comment_contributor,4960
u/LogrisTheBard,comment_contributor,629
u/Sir-Kao-Pad,comment_contributor,222
u/workingformoney,comment_contributor,37
u/cdiddy2,comment_contributor,37
u/NextForever,comment_contributor,111
u/corneliul,comment_contributor,37
u/joyoso,comment_contributor,1221
u/RecycIops,comment_contributor,1036
u/Trollshock,comment_contributor,111
u/random043,comment_contributor,74
u/wolfman333,comment_contributor,333
u/kiho111,comment_contributor,1961
u/breakeizer,comment_contributor,481
u/crypto_alpha1,comment_contributor,518
u/Thicc_Douglas,comment_contributor,37
u/reterical,comment_contributor,5108
u/kutuzof,comment_contributor,185
u/oaxaca_locker,comment_contributor,1184
u/Ethical-trade,comment_contributor,7218
u/obmisnif,comment_contributor,111
u/MusaTheRedGuard,comment_contributor,8588
u/beowulfpt,comment_contributor,629
u/booyah2,comment_contributor,148
u/mycryptotradeaccount,comment_contributor,3146
u/F1zzzzzzzzz,comment_contributor,111
u/viners,comment_contributor,111
u/Gyyh345,comment_contributor,37
u/DiNovi,comment_contributor,407
u/Aleksleon,comment_contributor,74
u/milliondollarcripple,comment_contributor,148
u/KoreanKapitalist,comment_contributor,111
u/hello_again_world,comment_contributor,1887
u/StrangeCoinz,comment_contributor,111
u/gfunksound,comment_contributor,2110
u/CarltonFrater,comment_contributor,666
u/thedramirezx,comment_contributor,37
u/JustBlewMyLoad,comment_contributor,37
u/pewpewtehpew,comment_contributor,222
u/ev1501,comment_contributor,2184
u/ntrvntnl,comment_contributor,666
u/smidge,comment_contributor,5219
u/TowerofTerrorFan1,comment_contributor,222
u/live_the_search,comment_contributor,555
u/Pfahlpunkt,comment_contributor,370
u/eslove24,comment_contributor,1036
u/Owdy,comment_contributor,999
u/labrav,comment_contributor,37
u/AugmentDeathray,comment_contributor,111
u/vidiiii,comment_contributor,703
u/criscito,comment_contributor,333
u/Wolverined,comment_contributor,1591
u/blockchainunchained,comment_contributor,5515
u/thelordgivETH,comment_contributor,740
u/SuperSiayuan,comment_contributor,407
u/aimebob,comment_contributor,185
u/marianna_trench,comment_contributor,481
u/slapded,comment_contributor,1110
u/seblt,comment_contributor,2443
u/snormie,comment_contributor,222
u/MolestMyMouthDad,comment_contributor,37
u/bigheadson,comment_contributor,518
u/kbskbs,comment_contributor,37
u/pcpgivesmewings,comment_contributor,259
u/giraffenmensch,comment_contributor,1258
u/thepaypay,comment_contributor,703
u/ThePlague,comment_contributor,37
u/MITstudent,comment_contributor,222
u/weeeeether,comment_contributor,74
u/calbertuk,comment_contributor,3849
u/Nehkt,comment_contributor,259
u/LauraFuentes_LoL,comment_contributor,74
u/msc_btc,comment_contributor,148
u/TripleSpeeder,comment_contributor,37
u/down_vote_guy,comment_contributor,222
u/Etereve,comment_contributor,185
u/5mashingpotatoes,comment_contributor,888
u/OogieFrenchieBoogie,comment_contributor,222
u/Taylor_SwiftAMA,comment_contributor,592
u/LennyWalczak,comment_contributor,518
u/GrouchyEmployer,comment_contributor,37
u/crypto_kaos,comment_contributor,11401
u/jbwles,comment_contributor,629
u/WestCoast-Walker,comment_contributor,296
u/ejv0613,comment_contributor,37
u/ILikeTheBlueRoom,comment_contributor,13437
u/IcabodBane,comment_contributor,111
u/NefariousNaz,comment_contributor,259
u/joskye,comment_contributor,148
u/cryptotrillionaire,comment_contributor,814
u/Cryptoporto,comment_contributor,148
u/speedyarrow415,comment_contributor,888
u/Sku,comment_contributor,777
u/YungRuby,comment_contributor,148
u/nodesNblocks,comment_contributor,74
u/Cavedyvr,comment_contributor,37
u/nootropicat,comment_contributor,1628
u/gou-ranga,comment_contributor,2776
u/_brant_,comment_contributor,148
u/crypto-kai,comment_contributor,111
u/cr0ft,comment_contributor,1258
u/offthewall1066,comment_contributor,2184
u/c0mm0ns3ns3,comment_contributor,1147
u/SonofPegasus,comment_contributor,407
u/kimbunchu,comment_contributor,370
u/desertrose123,comment_contributor,370
u/Wander21,comment_contributor,37
u/AMart1901,comment_contributor,111
u/Vibr8gKiwi,comment_contributor,999
u/Godex_io,comment_contributor,148
u/wmetcal2,comment_contributor,888
u/dwindlingfiat,comment_contributor,5367
u/mraindeer,comment_contributor,1591
u/coltonmusic15,comment_contributor,592
u/charlesdarkwind,comment_contributor,148
u/clearantenna,comment_contributor,1110
u/PhantomFortune,comment_contributor,481
u/harmonic101,comment_contributor,333
u/CheMiNub,comment_contributor,74
u/Greenwojak,comment_contributor,37
u/proggi1g,comment_contributor,1554
u/Redditor45643335,comment_contributor,2776
u/scientic,comment_contributor,370
u/BasedBrit35,comment_contributor,2073
u/MustangV6Premium,comment_contributor,999
u/BenShapiroEPIC,comment_contributor,148
u/vestedaf,comment_contributor,2073
u/theubiquitousbubble,comment_contributor,3479
u/silencedfart,comment_contributor,37
u/beepBob4,comment_contributor,111
u/agnfab,comment_contributor,37
u/Anemicni,comment_contributor,74
u/insomniasexx,comment_contributor,629
u/timwmusic,comment_contributor,259
u/fangolo,comment_contributor,111
u/mikey4eth,comment_contributor,1739
u/Psychobert,comment_contributor,37
u/cehhiro,comment_contributor,148
u/TheBounceSpotter,comment_contributor,1702
u/notmyworkaccount11,comment_contributor,555
u/Jeremyvdr,comment_contributor,37
u/strongfree,comment_contributor,222
u/randomnomber,comment_contributor,1184
u/Vice061,comment_contributor,74
u/ComprehensiveRate7,comment_contributor,1295
u/AdamSC1,comment_contributor,37
u/career_donkey,comment_contributor,1036
u/merto,comment_contributor,74
u/Froobster,comment_contributor,37
u/Eth_Man,comment_contributor,444
u/CJ_Productions,comment_contributor,259
u/CCMoonMoon,comment_contributor,37
u/broccoleet,comment_contributor,1406
u/Ramitto777,comment_contributor,37
u/Tommy123hold,comment_contributor,703
u/relgueta,comment_contributor,222
u/Subalpine,comment_contributor,74
u/l3rian,comment_contributor,1332
u/kevo888,comment_contributor,2665
u/addictiverat,comment_contributor,74
u/CoffeeDooks,comment_contributor,37
u/MonsieurEskimo,comment_contributor,74
u/mirkogradski,comment_contributor,74
u/smilinfool,comment_contributor,74
u/bramleyapple1,comment_contributor,74
u/shvnks,comment_contributor,740
u/cineholic,comment_contributor,1036
u/locoluko,comment_contributor,1258
u/TipToeThruCrypto,comment_contributor,111
u/WellowFellow,comment_contributor,296
u/dontbeameanieh,comment_contributor,148
u/Rasmuss09,comment_contributor,629
u/Jayden8465,comment_contributor,37
u/TheCurious0ne,comment_contributor,481
u/bhiitc,comment_contributor,2628
u/espionice,comment_contributor,3294
u/gamma001,comment_contributor,370
u/besoisinovi,comment_contributor,259
u/booma1,comment_contributor,222
u/soomba2,comment_contributor,888
u/shammyfeen,comment_contributor,370
u/Outsideerr,comment_contributor,185
u/cuongnq,comment_contributor,222
u/subdep,comment_contributor,1184
u/cryptouk,comment_contributor,2776
u/SiameseMemories,comment_contributor,74
u/foyamoon,comment_contributor,481
u/scottrepreneur,comment_contributor,74
u/epathlon,comment_contributor,111
u/HodlDwon,comment_contributor,333
u/BroDudeGuy361,comment_contributor,74
u/IgnorantFoolio,comment_contributor,370
u/chrisco255,comment_contributor,1554
u/eSanity166,comment_contributor,185
u/crazy-modder,comment_contributor,814
u/ProstMelone,comment_contributor,74
u/shakedog,comment_contributor,629
u/communist_mini_pesto,comment_contributor,111
u/i_am_a_fckn_unicorn,comment_contributor,111
u/weekapaughead,comment_contributor,37
u/Libertymark,comment_contributor,3183
u/El_Desperado,comment_contributor,555
u/ab111292,comment_contributor,259
u/njiin12,comment_contributor,444
u/jimmymoreland,comment_contributor,222
u/RaidenKing,comment_contributor,259
u/EvanVanNess,comment_contributor,37
u/CommunityPoints,community_fund,320000
